UID,用户名（共有901位）,关注日期,签名
509676,青松,2022-06-30 00:22:21,
509759,Offering虚,2024-03-13 23:50:18,活着 是何等的美好 活着 是何等的痛苦
560349,海鸟果428,2024-04-16 21:41:56,RUA!
567616,jiajiazero,2024-06-21 16:21:58,
1511654,冰封de月夜,2024-05-30 17:19:53,内容基本都在专栏 不要跟视频里找辣 没啥视频.jpg
1625310,小呀么小绳子,2022-12-01 15:43:08,靠着对未来的幻想活着
1841030,岑榭笙,2024-05-21 11:19:34,
3378069,噩之梦,2024-06-17 17:25:01,开始考注会了，更新更加随缘2333
5257192,黎稣,2020-12-14 03:39:06,
5701225,IIlllIIll,2023-02-12 14:48:56,
5848812,EaFey,2020-10-05 21:55:07,
6350188,雨宫静久,2023-02-28 01:58:56,曲木为直终必弯  养狼当犬看家难 墨染鸬鹚黑不久  粉刷乌鸦白不坚 蜜浸黄莲终须苦  强摘瓜果不能甜 好事总得善人做  哪有凡人做神仙
6667595,雨烟默默,2018-10-07 06:36:38,
7585074,黑貓托雷,2024-03-12 11:06:00,不求关注，不求硬币，不求收藏，只求观看的咸鱼up粉
8261835,菊地有雪,2020-08-04 12:12:59,
8539881,pjuhaoo,2020-05-13 07:59:50,lloo
10295061,过气神上A美凪,2024-06-29 04:55:39,嘤嘤嘤……
11299536,菲某某,2024-03-09 02:06:58,zzzzz~
11973488,七煌琉轩,2024-06-24 11:34:15,这个人虽然很勤快，但是也没有留下签名！
12829579,镜花水月过眼云烟,2024-03-23 12:40:44,One vission one purpose
12858315,水苦Hada,2024-03-16 17:03:07,不必要的事不做，必要做的事尽快做完
12947755,不良少女Sayori,2020-05-05 16:29:58,呀嘞呀嘞...
13595515,爱丽丝的光之剑_Official,2024-06-17 12:16:15,
13815124,依秋sama,2020-04-10 21:22:24,只有在退潮时，才知道谁在裸泳
13918988,叫我小胤就行,2020-02-24 09:00:28,一个普普通通的力训爱好者  感谢关注
14032339,月泽之歌,2024-03-24 17:37:18,
14186579,平凡上班族M,2020-02-22 22:03:51,
14388622,影-洛依,2022-05-23 00:07:06,浮生若梦
14761889,一条翻了个身的咸鱼,2024-06-29 16:41:42,翻身的咸鱼，还是咸鱼
16140590,风华绝代桃花红,2024-05-21 19:31:27,
16897289,浅笑淡殇。,2023-02-05 11:47:46,我想和你做兄弟
18324342,浮影在冰咖啡,2024-04-14 21:24:48,沉沦于过往时光
19450802,绫枝路,2023-02-04 17:35:33,楪祈
20770793,叶叶叶叶砸w,2020-05-05 14:11:41,
20928493,Bercercer,2022-06-10 21:49:38,
21139384,是防损捏,2022-07-04 17:03:33,爱打csgo，完美：Microsoft 表格                   steam：cattail
21692164,人间及时须行乐,2022-05-26 17:48:31,「          」:No Game No Life
22072846,蕾姆酱6号,2024-05-25 20:44:20,
22724815,苦涩的花,2024-06-10 21:20:56,
23855578,盛寒丶,2022-07-23 18:53:17,完成比完美更重要(*｀▽´*)
24243562,粽Three,2020-04-22 13:30:15,
24499586,外乡人Desu,2023-01-27 05:10:05,闲鱼~
25323959,装X被雷倒,2022-07-10 03:19:41,
25808624,打香蕉嘛,2022-06-01 23:31:15,
25888294,コウきょくは,2019-07-05 23:22:42,
26326086,地獄挖掘機,2020-05-21 00:41:03,这个人勤奋死了，什么都写了!
27180715,RKKWG,2023-02-11 23:06:23,      
27746613,神落瞳,2024-06-08 21:48:13,
28074020,蒼凪イズミ,2022-05-22 23:34:08,叶え！私たちの夢！叶え！みんなの夢！ずっとずっと永遠に一生懸命応援します！ミュズが大好きだから！
29269705,种花的豫兔,2024-04-17 13:31:25,
29303404,娅蕾缇雅月,2024-06-21 13:41:41,
29663910,自热米饭没米包,2022-05-22 23:35:14,节省是第一奥义
29673505,幻天羽音,2024-06-04 22:06:39,
29706427,HK内格夫,2024-05-15 10:03:37,
31456630,Kosidau,2024-04-11 17:24:39,
32139680,柠檬茶加冰氵,2022-05-26 12:27:03,
33066227,暗杀星x,2023-12-13 23:24:34,
33086684,Icicle1,2022-07-05 18:28:07,
34389170,Hecate_C,2024-03-23 17:28:01,爬呀爬呀～
34636714,牯歹斤云玩家,2023-11-22 11:59:07,无业游民一枚
34981714,寻找前世之旅的记忆,2022-05-24 02:32:32,000
35830258,星圣凝,2024-03-13 17:19:31,这个人很神秘，什么都没有写。d(ŐдŐ๑)
36112862,特异阳台云,2024-03-14 00:33:44,这个人很神秘，什么都不想写
36879758,小猴子0911,2024-05-02 14:29:21,
38146207,Slmpily,2020-05-25 17:05:04,这个人是懒狗
38319344,雷顿Podenco,2022-05-26 18:12:54,贝斯手，什么都喜欢一点 碧蓝档案/后期剪辑/音乐编曲/贝斯演奏 以上都不建议合作，只是众多喜好中最喜欢的几样。 最爱波登可，明日方舟已退坑。
38742196,何來塵埃飛舞-_-,2020-03-01 13:31:20,
39118407,Royal1cing,2024-06-24 15:08:59,?
39191835,油炸超级鸡架,2020-03-22 21:42:17,大冬天也要太太阳
39561975,O5-5古明地觉,2024-03-12 20:50:01,世  界  核  平
44744043,尤尔沃克不会解方程,2024-06-06 03:56:57,
46740555,朝歌云吞,2024-06-21 19:34:28,
47719580,叔叔N穆斯乐,2024-03-09 09:08:27,我们终将迷失在大雾中 互相呼唤 在不同的地点 成为无用的路标
47751544,心落玄玉,2024-06-13 22:05:40,那就牵手吧，如果这是命运的话！
48399402,丨画心丶,2018-12-24 17:54:15,一花一世界，一树一菩提。
51185589,流转的星,2024-05-21 16:34:35,
54224003,假面骑士啦啦啦,2022-11-02 22:54:48,我喜欢看到大家露出笑容的样子，所以我会做到自己觉得力所能及的事，仅此而已。
57057162,凯天雨露,2024-06-09 02:20:23,
57112458,比那名居の桃汁,2020-09-18 12:33:18,
57813121,我家乌龟小绿豆,2023-02-06 21:09:36,
58716547,请给我巧克力,2024-06-19 19:12:57,也许此去经年忘了也罢
72174934,蓬莱弱水2019,2024-03-24 23:52:27,
74223099,醉了5201,2018-11-24 01:11:17,永远也不要停下前进的脚步！
77909037,bili_77909037,2019-11-29 15:56:24,
81573918,小守TGiny,2022-05-18 19:15:27,想出什么视频了就出什么视频
85200004,十方明亮tat,2022-07-06 14:34:21,
86682127,看看这个啊,2022-07-19 16:54:41,
88091714,Ravenの铭萧,2022-05-23 02:48:00,欢迎来群里夏迹八聊 群号：1070912986
90113585,改了名字的名字,2024-04-10 17:48:24,
90185705,碧蓝航线指挥官-肥皂,2022-05-27 14:42:50,休息一年，然后再回来
91528887,我家智乃最可爱了,2022-09-29 08:10:00,吃饱喝足，睡觉觉
92934549,一个原子,2024-06-21 11:51:00,
93805254,至尊融合体,2020-04-15 20:36:31,
94905300,曼珠沙华淚,2024-06-24 05:29:06,(｡･ω･｡)ﾉ
98341789,517zz,2024-03-12 08:21:39,我们是旧时代的孤魂，见证了时代的兴衰。是无法也不会忘记的故事。
98389055,某科学的大道寺知世,2024-03-29 13:50:07,借点信用点吧，孩子快揭不开锅了……
99099335,心雨的花,2022-05-27 11:18:55,这个人很快乐
100781399,彼岸_の终焉,2024-05-31 10:31:28,
101381816,账号已注销,2020-04-08 12:00:34,
103087690,洗猫袋,2024-06-27 03:16:57,
106596336,fjfcju,2024-06-21 10:41:17,
109215396,花落白月-,2024-03-12 02:11:02,Where there is tea party  there is hope.
110357001,哔哩哔哩勇者,2024-06-22 19:37:48,任务就是去打败恶龙哒！
110515618,秋雁3,2024-06-21 23:08:50,小狗真可爱
120289920,拉诺老K,2024-06-08 20:11:09,一个懒人
125354562,妳话事咯,2020-07-21 20:30:53,
131316325,天宫喵,2024-06-10 06:40:16,-
135046900,啊呀哈哈哈好,2020-11-08 10:35:36,
142401598,Dengzrr,2020-10-21 19:50:43,
148199287,语塞ing,2020-10-24 06:11:14,
158432754,Calmbrother,2023-02-04 18:10:19,∠( ᐛ 」∠)_
159339476,小季段时间,2022-05-29 07:27:50,
159600256,阿哈君,2022-07-05 15:11:08,;︵;`)
161652723,九蔡王,2020-02-26 16:04:21,微熱のうちに会いに行っちゃえ! 趁着余热未散时，和她见面吧
161873264,来只八二年的拉菲,2023-01-29 16:40:55,QWQ
162886700,glemmeger,2022-05-28 12:30:57,若人生只如初见
163511553,12455呵呵,2024-05-22 17:57:22,
165355483,释怀的好安静,2020-04-21 09:51:07,
167495030,噩梦囚徒,2022-06-01 14:41:57,
173871335,御坂13548号,2024-06-23 23:49:03,
175448101,牧之赖,2022-05-25 18:21:08,
175962204,阑笙丶,2024-03-18 20:13:36,明日方舟（官服） ID:145818934 
182427113,Anyrain_任意雨,2023-01-30 17:45:01,义务
183944206,两只沈梦曦,2020-05-16 16:40:05,一个菜逼屑细胞人另外很喜欢白嫖
187773800,鹏鸽儿咕,2024-06-30 10:12:29,道阻且长，咕咕咕
188663098,Baron丶柚子,2022-06-17 19:33:07,
188813255,尤里的部下,2024-06-23 23:40:38,我一定会成为像流云（包括云妹），小牧，xyb100的UP主（以上几位我就供奉为老师，也希望能作为后辈得到一些支持和指导），希望大家支持！
200511208,9-nine_official,2024-06-20 02:03:22,三蹦子宝服中低配咸鱼，酸败圣威院娱乐萌新玩家，卡拉比丘究极mmr。 Overlord持有者 
204943046,账号已注销,2020-09-17 21:20:40,
205239662,李gan太白,2020-03-04 16:04:47,
216116387,保持理智步入深渊,2024-06-21 16:40:20,
222841039,路人甲超厉害,2024-04-17 22:11:57,
223046465,我真的fu啦Ovo,2024-05-03 04:37:26,没事不要多管闲事圣母心百害而无一利，还有未经他人苦莫劝他人善，每人都有自己的人生，他是他你是你，最后过去的就让它过去吧，今天又是个美好的一天
223287523,Lowblive_how,2024-03-24 15:37:31,Lowblive所属二期生how酱 见证我的成长吧
228265825,柚稚橙熟氶,2020-03-21 11:12:41,
234408387,两仪梦月-,2022-05-24 13:11:49,历史就是人类努力回想起理想的过程。
241907967,顺子23333,2024-03-25 17:27:49,
243863025,没有尾巴的Jerry,2022-09-04 00:45:49,
243899829,月落星沉夜,2023-06-13 10:28:45,
253023573,Hupams,2022-06-23 08:11:56,我是沙币
255892235,XXXQJWL,2020-04-23 10:14:33,才不是大受气包
256842528,艾蜜露可酱,2022-05-22 21:57:37,
259285269,y6rncpa71t,2024-03-14 00:49:00,
259333322,玥晴丶,2022-05-24 01:29:21,谢谢关注呀！亚服赛季前二十 国服赛季前百 接斗技/配号 +vx  s66123345    晚上十二点过不回复微信消息，见谅
267040221,skjssksnn,2022-06-26 18:47:40,
274917916,苦瓜大王kg,2023-01-27 20:54:54,
280407851,前进辽宁号,2024-03-23 09:27:20,闫泉东
282175010,弥香酱卡哇伊,2024-04-02 00:55:25,
283654324,所有萝莉都是爷的,2022-05-25 21:01:13,
283982754,AsgoreChara,2024-04-04 22:27:16,
284567673,只是没有脑子,2024-03-14 19:17:37,
286936497,乏咧乏咧,2024-05-19 13:05:23,Show it ben，watch out limar 想吃猴脑
288220035,さいばももい在福建,2024-06-21 06:05:06,架空历史与BA共同爱好者。
288276488,多喝点太,2024-06-21 13:24:29,这个人太咕了，不如我们。。。
288802881,枝字未提,2020-06-22 17:07:27,
290020103,无名pvp,2024-06-19 18:26:23,
290499115,杉杉尼,2023-01-13 09:34:37,
291765409,Eipyel,2024-06-21 21:08:13,一  v  一
291840589,dreamislands,2024-04-15 23:28:41,
294272055,helplescopper,2024-05-04 00:10:26,
295050629,Angelus19,2024-05-12 00:16:13,
297982047,159adsf,2024-06-20 05:48:09,我也是一条闲鱼
298236871,一盏月不夕,2024-04-07 00:40:50,
300679455,憨露先生,2023-01-12 05:40:21,春风十里，我单推你。
301927179,ERROR324,2024-06-17 20:37:17,“但是...为什么你们这么讨厌谎言呢？”  “与唯一存在的真实不同，谎言可是有无限的可能性的。”  
303616834,你也会伤心,2023-04-03 14:59:20,我很烦恼，为什么我非要长得那么好看啊。为什么   为什么
305026264,枫叶눈_눈,2020-09-01 12:04:01,
305211633,hgtyujxxth,2024-06-24 10:07:41,
305607565,075505298421,2024-03-16 17:18:02,
306295321,不想取名好头疼,2023-01-13 19:42:35,
312048091,娜娜389500,2024-06-15 20:28:00,
313116164,夏月辰星,2024-05-21 14:50:35,
313550633,Suomi__,2024-06-22 01:30:39,你说的对
313752805,修罗海梦李少,2019-08-16 09:33:15,
316013992,YF_Lin0718,2024-03-20 21:18:07,
316342974,倒吊男亚雷斯塔,2024-03-24 16:54:06,
317419678,笨猫不是苯猫,2024-05-10 01:17:01,
318860660,ReolAimerArcueid,2023-01-14 01:47:03,我永远喜欢aimer！
321910486,蘇格蘭醬,2024-04-07 23:29:54,我思我不在
324214908,pdx77,2022-05-23 08:23:48,
327307122,Luxannaaaaa,2023-02-02 13:23:36,
327585952,雪穆春,2024-05-25 00:41:10,
329111966,吖丫爱吃糖,2022-05-24 12:02:47,
329385047,赤瞳丶蓝,2024-05-31 01:43:07,
329953495,栗瑞露,2024-03-14 23:36:32,
335936269,巨色的专家,2024-05-24 17:14:20,103838517
339757681,好好活着别想太多,2022-06-03 21:59:18,
340284904,琪露诺琪巴拿,2024-03-16 17:41:09,看签名的朋友，请给原神打一分好评，我就先提前谢谢大家了
340352247,浅渊・,2024-04-17 13:22:11,
344212000,题王的谢俞小朋友,2024-03-12 21:02:58,
346117039,無語-_-,2024-03-10 10:30:24,
346118084,碧蓝港区特使-小塔,2024-04-28 18:38:15,这个人很懒，要不你帮他写吧
346601824,冬恋_雪鸢,2024-06-19 12:47:49,卖萌ing
347493528,kyu帆,2020-04-18 17:28:42,该账号因违规已被封禁!!!∑(°Д°ノ)ノ
347686864,冷风默雨,2024-06-20 10:12:13,无言，雪落
348439266,吃淀粉的淀粉领主,2024-04-10 21:32:13,成份不算复杂的二创新人?
349183710,哈哈哈会很厉害,2020-06-16 15:15:11,我既不是人，也不是神，我是其他人。
349720556,有趣的Soul3,2023-06-15 09:59:50,温馨提示：频繁聊天会造成恋爱错觉；不要以为暖味上头的聊天框是爱情！
350212789,伊列什卡,2020-04-13 21:48:52,Ilyeshka Noder
350762300,佳代子单推人一号,2024-03-19 07:30:08,云雾飘渺时，心畅快，舞彼岸，更醉初生时。
350827726,铁锅丶炖鱼,2022-11-21 20:42:21,
351238371,千雨Smelly,2024-05-25 01:15:35,开摆（）
351312696,小さな圣域の大圣,2024-05-30 19:53:00,
351336731,梅花K納茲戈林,2024-03-28 15:10:13,
351523421,E50M2,2024-03-17 09:59:35,白发紫瞳…千年的noa啊，你为什么只想当个局外人呢？
351577423,渴望糊涂的阿标,2019-08-01 11:55:29,Slay all  
351624212,陆仁lure,2023-02-13 20:09:07,该账号还没被封禁
351684998,亨硕,2022-02-17 19:38:25,
351743369,呆鹿c,2023-01-16 04:06:02,
352160346,漆黑哑巴爆米花机罗兰,2024-06-25 23:50:14,
352197541,文复黎,2024-06-20 23:38:38,共和国成立74周年万岁！
352690612,貝拉_單推MYGO,2024-06-11 13:31:24,
352744520,とある普通の理系学生,2022-08-10 13:42:27,正在努力成为一个“技术宅”
352886503,夜星琅,2022-09-09 23:15:32,
353083182,FHT-伍六七,2024-06-13 00:22:50,
353143833,SALCK,2020-04-11 15:41:11,
353283322,小雙Zzz,2024-03-17 01:09:20,zz
354486907,Lancelotlac,2020-04-19 17:15:59,
356364338,sdjkv,2020-10-02 20:03:07,
357227679,夜雨_墨,2024-03-24 01:29:41,愿逐月华流照君
357492247,62222806155_bili,2024-05-27 21:00:06,
359956076,LightCha3er,2024-05-12 12:31:00,
364392602,19735797607_bili,2022-07-06 02:02:30,
364643019,杰宇凌,2024-03-23 14:19:00,
364837819,无心一人520,2024-03-16 17:34:22,
367857778,燕然临月,2023-07-12 22:08:01,不要对一切人都以不信任的眼光看待，但要谨慎而坚定。
372095838,红中ぶ,2024-06-21 11:30:45,
378534526,HY刺客信仰,2024-03-28 21:56:37,这只是一个靠自得自卑勉强活着的アホ罢了。
378966055,黑BL-A-CK,2024-05-19 17:57:13,
381606533,长江2003,2022-06-07 21:31:03,
382505760,境滰,2020-03-21 20:23:43,
383250210,Triste花逝,2022-06-21 22:11:29,每天幻想着
384037973,E里个E,2024-03-15 15:28:54,嗷呜呜呜呜呜~~~~
384554092,TIME时光社摄影工作室,2020-02-27 19:08:29,
384659331,菜菜QAQ-,2023-02-07 23:59:29,
385321233,变成贡品,2024-05-31 02:08:58,
385554611,zhouyuming_hbxt,2019-01-02 07:45:36,
385869260,happiness_runner,2020-03-18 21:37:36,
387700078,天欢迎,2024-05-21 22:18:24,上高中了，可能很少更了
387951001,46323031319_bili,2024-04-12 00:49:42,
388707023,SMS_Seydlitz,2024-06-22 09:32:00,
390018494,卡卡可珂,2024-03-12 09:45:36,
390409686,桦玥伊琦,2023-01-02 23:39:08,无色无味
390940200,暖暖心仪,2022-11-14 21:18:57,
391436377,46689604554_bili,2024-06-27 14:59:20,
391458353,讴歌菲尼克斯,2024-05-21 08:50:57,
392550664,是喜欢月亮的星星ne,2020-03-29 11:44:05,
393159891,可达鸭真可爱,2020-10-31 16:46:06,
393452088,今天来杯新的米露,2024-06-22 01:47:54,汉化组云监工 车车人 十年二次元 弥生月、提灯、月枕、无邪气
393838722,羽斩TQ,2023-01-24 15:31:12,
394248960,pieceRS,2024-04-06 02:37:41,08
394992707,绵羊君zzz,2024-06-03 21:26:30,烟花易逝，人情长存。
396796282,符猗,2024-05-06 17:16:35,
396839555,夜白yebai,2024-06-19 19:13:52,
397137636,Warmerzzz,2023-01-16 01:24:43,学会与自己和解。
397168133,长城传说,2024-04-11 21:25:00,
397333560,布伦纳德,2024-06-30 04:07:09,emmm，，，超爱摸鱼，只是一只爱吃的白发小虎鲸
397334664,岑溪小火苗,2020-04-16 23:52:46,
397337611,黑依清一,2024-06-27 08:02:17,世界很无聊~世界很有趣~来猜猜看？ ——我是谁？
398715711,柯夜安,2024-06-15 00:34:05,
398788555,刑部尚书Cat,2022-05-25 23:19:07,遇事不决 可问春风，春风不语 既随本心。
398881392,晓夜之星,2020-03-11 16:50:55,
399218256,Strv122B-PLSS,2024-06-21 21:38:57,
399564974,____Deity___,2022-07-12 19:19:26,
399566124,RUOSLL,2020-07-26 09:26:54,王德发
399798985,摸鱼のもゆさん,2023-06-03 13:21:15,
401531573,廿四龙潜,2022-05-24 16:53:11,
401774691,91948685011_bili,2024-04-06 15:04:56,
401848877,LiQ沙雕,2021-02-11 22:36:50,常看桌球，有时原创，多多包涵
401950029,-希明-,2024-06-11 01:46:46,
402087302,真的吗嗯嗯嗯,2024-06-06 07:36:46,一只想当東方字幕君的字幕君
403156393,小铃艾拉,2024-06-17 20:20:40,ATRI——My Dear Moments
403333223,星辉-OwO,2024-06-09 02:12:25,QWQ
404432958,AG丶ziv,2021-02-09 16:38:36,
404451859,溯星罗异,2024-06-24 12:12:49,转溯未来的理想，荡漾宇宙的星辰 命运罗布于此，世界不会斥异 
404477075,-丹阳-,2024-03-13 14:52:42,
405071336,政委の帝国鹰,2022-05-20 02:30:37,展翼十万里          一览好河山
405288115,落月彡星辰,2024-06-21 21:41:48,
409771001,_九忆_,2023-01-13 08:16:29,咕咕咕
411516673,-_-河豚,2024-05-23 07:53:34,普通彩笔玩家一个
411652090,你个嘤嘤怪吖,2023-01-17 21:06:14,
413022616,KMZSAMA,2022-05-25 21:41:06,→_→←_←
413366675,蒂蒂的热水壶,2022-05-25 21:03:13,
414081743,12916270900_bili,2024-06-30 11:45:46,
416552852,一只不会玩的屑,2024-06-23 23:10:16,只要是我玩的游戏，要么就叫这是我的死地，要么就叫B站名
417117660,睡不醒的TOTO,2023-02-03 17:22:36,web/twi：紀拾贰    邮箱：3384386582@qq.com
424229598,ZCH-01,2024-03-29 23:18:52,
425917914,Unspeak丶,2020-02-11 12:51:15,
426895782,幻曉-空白_虛歸,2024-05-22 09:45:01,如果有时间我就会给大家拍视频哟QQ群聊号码808214307：（名词:永不氪金慢慢干。）
431002132,HIM073840,2024-06-03 13:22:47,
431048502,核动力的鱼1,2023-01-08 23:01:48,
431278662,llupa,2024-03-12 15:38:45,
431458236,doOob_2006,2022-11-04 15:30:00,寒暑假更新，无固定分区，游戏，车居多
431693593,老史的6号感染者,2024-05-17 20:29:33,一个由MC加上源石以及音游的实验产物 MCJE：lsd6thgrz rks：13，ptt：11.67 开学少更
432488021,听说年会更容易中奖,2022-05-18 16:00:55,好哥哥，不要差我滴水表啦QAQ
432776970,20080309,2024-05-25 09:25:29,
433535829,海港之冬,2024-06-24 13:15:59,zzZ
433901740,如彗星一般闪耀,2023-02-02 04:39:57,
434367596,永不炸机提控回家,2020-04-08 21:41:13,
436058918,Soul孤独233,2024-03-23 21:02:21,
436519448,山之雾悠花,2024-06-23 12:55:38,
437401080,usagi1128,2022-06-02 15:20:39,
437506563,蕉阳天尊,2024-06-24 08:49:51,
437632870,85461564765_bili,2024-06-24 07:06:08,
437983726,放轻松漫游,2022-10-29 12:49:15,
438076865,凯卡撕抽早露,2024-04-25 02:40:25,
438408309,象牙之塔的天童女皇,2024-05-20 21:33:21,这人是个老二次元了 个人qq：3782371041
438637494,histrem_rakik,2022-05-22 21:37:27,很懶哦~ 半永久停止活動，因為在集訓捏～
446002427,丨海天幻梦丨,2024-04-18 23:39:13,
447683990,Minshsun,2024-05-20 18:34:59,相遇就是缘分，愿我的视频给你带来快乐。
449511652,看不懂的屑人,2024-06-20 16:14:04,
449748471,街角回头别说话,2023-05-20 15:08:23,希望每时每刻都乐观开朗
450233390,此非人间四月雨,2024-06-21 13:46:35,
450543338,雲小梦,2022-05-22 17:35:19,会画福瑞不混福瑞圈，QQ:2161717311，画世界同名。没有其他号
450684881,极正常的人,2024-05-21 20:02:15,在下死咸鱼一条，前智教教主。
452184411,橘子みかん귤,2022-05-22 08:54:10,
452212359,路过的比方,2024-06-23 20:13:34,
452760324,语焉行,2022-05-22 23:07:41,
454998576,凌凛零哒,2024-03-17 09:14:46,
456246759,石头剪刀料理机,2024-06-24 13:29:39,这个可以有！
457256483,calimity,2024-04-14 15:03:09,
458140406,我宣布我是,2024-06-15 03:14:30,
470621396,还得是你梵宫,2023-01-18 23:31:10,
470625745,bili_35400163807,2024-04-06 12:29:06,
472222482,Ryan_らいあん,2024-04-30 00:44:30,
472334919,鱼戊原,2024-06-13 02:01:51,
472422928,枫岛菜子,2024-06-17 16:02:14,彻头彻尾地兴趣使然
473301734,正体不明wwww,2024-05-14 13:03:00,
474921484,枣伊吕波-猫猫,2024-06-18 10:20:57,一只猫猫枣
475406994,情绪总是阴雨天__,2023-02-02 19:35:06,
475801715,日舵能手,2024-04-05 14:05:20,_(:3｣∠)_
475952040,终天之怒,2024-06-24 22:51:25,我是一个ut、ba双厨，有时会去其他区游荡，主发ut视频与ut专栏，但是会创作原创文章或手书
476301251,暂时没有呢称,2024-06-21 14:09:11,
476553831,中国众诚集团005-龙哥,2022-05-24 00:20:02,
476655830,TinkerO_o,2024-03-13 23:38:00,
477705926,我放弃了-,2024-06-21 17:59:02,我超懒的
477805122,K0n9C,2021-01-22 21:12:26,这个人很神秘，什么都写了。
477967016,醉辛巧克力,2023-07-14 21:44:45,这个人遭受了一些打击
478349184,子虚乌有は,2020-04-22 14:26:34,
479138843,黯灰轮廓,2024-06-17 16:04:48,
479672059,世一複製人,2024-03-12 22:58:20,复制
479902603,bili_19925884231,2022-05-18 14:44:32,
480072985,Rainbow鹿_,2022-04-03 01:45:25,裙805337075
480732179,青蛙头cheems,2024-06-29 09:48:32,
483616307,LGC_Knight,2024-05-08 00:09:53,车万人 stg人 音游人 大数放置游戏爱好者 机签LSP
483704524,shudidjannj,2024-06-13 14:49:54,
485452323,三天灾中的第四天灾,2024-03-11 21:05:22,
486773871,赤灵376,2024-06-25 02:25:08,
486920804,973wzq,2024-03-14 01:04:09,
487155298,lceshe遗忘,2024-06-21 11:34:33,和我一样的，美咲呢
488194076,bilbil123xxx,2022-05-28 10:02:23,
488310384,绝对不是落璃空,2024-06-23 22:03:37,好好好，你说的都对，但是你说的对，但是你说的都对
488669488,秋秋人丷,2022-06-28 11:34:40,
492330418,bili_17570198648,2020-03-20 12:13:19,
494284117,Brave分裂,2020-08-10 22:50:35,
494827586,锦衣夜行---__,2024-03-31 19:53:12,
494960861,不许嘟嘴,2024-04-30 20:43:33,
496106147,暗区突围起冻,2024-06-22 19:05:24,
497541368,千禧年才羽绿,2024-05-25 01:50:31,
497668297,YennsyS,2022-08-24 12:41:44,ovo
498147046,bili暗思,2022-12-01 16:45:47,
500028829,燚云,2020-04-14 13:43:43,
500261589,就这昵称8,2024-05-27 23:52:58,
500294357,P社万岁,2024-06-20 21:41:17,沉迷钢铁雄心4的P社玩家一枚
500676973,顾陌理,2022-12-16 01:16:09,
500786005,五丘丘死了,2024-06-21 00:26:18,一个小b~~~站用户，喜欢原神.Minecraft.Forager
501605915,致命的殇-,2022-12-05 16:52:49,
501812922,IlIlIlIIIlll,2023-01-25 16:49:23,
501831669,dudu108222,2024-06-17 12:38:56,
503818688,亦昇,2023-05-20 16:26:41,
504526873,被单被打,2024-06-21 12:11:51,史上最菜平板三指玩家。
505414427,骨生秋,2022-05-23 01:56:45,誓为至尊
505843805,夜雨風歌,2024-03-12 18:12:15,
506589037,土之侠,2024-06-22 01:36:30,
506839805,bili_25051867288,2020-03-25 00:07:25,
507004844,沙雕帮大长老,2022-08-27 12:32:12,
508391713,爱莉希雅摆烂中,2024-05-01 18:29:36,摆～烂～中～
508997550,909snd,2024-04-22 22:42:36,WSSB
510136956,一般路过猫子,2024-04-09 19:52:59,一般路过猫子，想到什么发什么
510172585,老众所周知了,2024-03-22 21:56:51,
512391293,余生Nyeoi,2024-06-06 00:16:54,
512631558,sthbxsy,2024-06-21 14:19:51,⊙∀⊙！
512929734,荜芝酱,2023-01-24 20:51:07,
513287278,AI-王庭,2024-04-22 07:21:05,王庭已经破碎，曾统治多元宇宙的战舰也已成为了一堆碎片，但就算如此王庭也掌控许多宇宙 正如古时人们对王庭所言 “神已没落但神威永在”—王庭
514264445,沉默的星月,2024-03-12 07:21:00,
514766727,-Aaron-_-,2023-01-14 07:00:50,with great power，with great responsibility
515096816,bili_16941293855,2020-06-08 18:39:52,
515207614,大dark动员僵尸-四爷,2024-03-24 07:53:27,一般路过僵尸，四爷ko no 大动员哒！
515418404,红色罗德岛成员博士,2024-06-24 06:29:17,这个人想成为up主，但是什么都不会。 
516626161,安其愿,2024-06-22 06:48:23,
517498149,明日方舟-无权限者,2024-05-20 21:32:43,不想更新了，想吃饭
518446679,fleurs-de-cerisi,2023-01-16 11:01:52,这人很懒，什么都写了
518489209,只活在虚拟世界中,2022-12-27 15:03:17,
518646844,幻羽羽毛,2024-05-05 10:17:35,
520074951,USS-ILINOIS-BB65,2024-03-15 23:37:33,战舰世界NOOBUP
520747223,憨憨一号--,2024-06-19 12:47:28,二次元萌新
521000590,澪与灵,2024-05-21 19:38:45,今天也在努力生活呀
521640799,木羽Cnaf,2024-05-18 14:05:50,qq515464438
522062151,一只羽曦子,2024-06-21 12:23:59,呐～没什么可以说哒
522212800,下江コハル-反转,2024-04-29 13:52:54,瓦尼瓦尼
522814640,Alkaline_tears,2024-05-30 21:11:27,很高兴在这条时间线与你邂逅，嗨~感觉如何？
522884124,我是嫩跌98,2021-10-31 16:21:54,
523185223,kcpumbm,2023-01-12 08:45:07,
523791104,----我是----,2024-03-11 07:52:00,
523955775,青峰无仙,2020-03-29 09:24:32,中国加油武汉加油 
524931971,sgtsn,2024-06-29 23:38:46,
525007672,吃猹的瓜瓜2333,2022-07-01 02:01:11,
525265200,一只云玩,2024-06-24 00:58:09,这个人很神秘，什么都写了。
525355932,狂暴玫厨十六,2024-06-28 12:06:38,老实人是...
525660995,vihv不是sfsw,2024-06-18 11:24:33,因為沒有深度進入圈子，所以我是一個無趣的人
526032567,Lan_xing,2024-06-05 14:35:34,行风
526512602,亿只Gasterrrr,2024-03-12 17:29:14,MapusaurusMelta
526654841,bili_49073665492,2024-06-25 10:01:47,
527253528,一只雄仓鼠,2024-05-03 21:43:53,
527585182,小凌单推哦,2024-06-22 22:58:30,一位在旅行中的刀克塔
528150480,执着子卓,2024-03-30 00:36:21,
531520973,洛雨清澶,2024-06-19 19:36:16,
532857054,_ketamine,2024-03-12 21:06:28,The lost time and the confused future.
535277844,苇名摆一郎,2022-12-09 10:08:09,不懂火就不要传，传火的要是块好‘薪’才行
542091293,EvanClaus,2024-04-06 19:00:45,程序员 + 业余设计师 + 车迷 + 铁道迷｜虹夏妈妈最可爱了!
543256077,Neverghosthouse,2022-07-09 21:22:54,kami
543689748,-4086-,2024-03-17 09:49:55,(*￣︶￣)
544218639,阿梓砂,2024-06-22 13:19:20,
545594499,小白awq,2024-06-08 01:14:05,awa
545844570,水月如星空般深蓝,2022-07-07 13:33:20,一个杂七杂八、只会咕咕咕的UP呢~
546105660,bili_49180703467,2024-03-30 23:14:05,
547055075,bili_94619320190,2024-03-12 23:07:17,
547361245,曲优鹤华,2022-06-29 21:47:21,
548986733,凯爹单推人,2024-06-25 21:50:17,
551413670,dustdust神圣狂妄,2024-06-24 00:10:33,
551452738,冰与雪-,2024-03-18 18:52:12,
552389987,明日小马,2024-03-11 23:51:39,ddddddd
553216156,世界を喰らう者,2024-05-17 20:12:58,
562333581,是归兮啊,2024-04-20 16:23:50,咸鱼罢了
569340529,useqn,2024-05-27 00:27:47,我是扇贝
569619445,梓崽哇,2022-11-22 15:00:34,
569695581,星野小笨蛋,2024-05-07 23:59:12,
569741378,云雾之阳,2022-10-25 03:11:08,
572545480,日富美可可爱爱,2024-04-17 12:42:18,
575512400,凋菜零,2024-03-23 06:56:08,凋菜零一个平凡的小up
590048947,你吃贡品吗,2024-06-21 22:57:08,我是法师!都给我变成猫娘!nya～变变变～!
590838050,纔䊮,2024-06-29 00:23:35,
592030975,-----------__-__,2024-06-24 01:32:41,
592660568,海马赖人_,2024-06-20 06:29:18,
597087806,笑死2333333333,2024-06-11 19:27:10,
603171026,小梓_Azusa_忒可爱了,2024-06-12 05:20:27,
603840960,逸轩子驿,2024-03-17 23:37:26,
604836128,一只狗鸽子,2024-06-28 22:57:54,发电弱智力的一只狗鸽子，但不代表一无是处？
610154610,淋林木水,2022-05-30 12:09:38,嘿嘿(º﹃º )
611387137,Solitude-j,2024-06-25 22:56:17,
612642308,白干玩,2024-06-29 23:00:03,
616431381,围绕渊源的英雄,2024-05-12 07:52:49,
616534829,寒冷的冰锥,2024-05-30 02:23:06,她有伞却身处在蔚蓝晴空之下，我无伞却挣扎于灰黑生活之中
616760909,开朗旳冈友,2024-06-20 16:12:49,
616818117,永远的幸运星雪风,2024-05-17 01:44:31,理解摸鱼，开始摸鱼，超越摸鱼！
617453478,琪墨56,2024-06-10 23:31:01,起床菜
617722962,蔚璃不是梨,2020-07-19 14:58:55,
621671463,应为不想取名而摆烂,2024-03-26 21:08:05,
625092979,盐焗衫果,2024-06-23 22:09:49,我是盐焗衫果，你可以叫我盐衫。 目前高二，随时会寄 正着手制作个人AU项目：ArchiveRewrite 只在B站和QQ发视频QQ名称：盐衫
625740700,新柴挺犬的,2024-06-29 16:02:38,
627122995,早睡睡睡睡_,2020-07-24 17:28:05,
628129749,bili_66457319958,2024-04-10 21:29:36,
628173256,FREEGIVEHH,2024-04-18 00:32:56,
628392286,吐青天的味道,2022-06-19 11:00:31,
628561709,bili_47385769507,2023-02-04 00:12:19,
631144538,阿巴瑟愿效忠虫群,2022-07-13 20:19:06,进化大师阿巴瑟，曾效忠于主宰，而后刀锋女王。
632894251,开朗的网友aaaaaaaaaaa,2022-05-23 20:34:54,
634001441,52852153596,2024-06-22 07:27:38,
646839958,LZ35TD,2023-02-02 23:17:46,嘿嘿嘿
647052483,牛奶牌特仑苏,2024-06-19 20:29:02,
647252600,晴光浅墨,2024-06-26 17:16:41,月下独醉，惊鸿绝艳， 我在等风，亦等你。
648378234,bili_59567682201,2024-05-25 16:32:46,
650025310,我的世界女王,2024-06-29 13:41:35,
650436809,罪之域,2024-06-18 02:07:50,
652305909,天依的小粉粉,2024-06-21 06:34:08,一只菜鸡
652608254,无头の骑士__Nfr,2024-04-19 20:27:31,
660822823,゚゙゚゙゚不吃言,2023-04-13 23:39:09,视频里所有分享的东西都是免费分享的！ 无任何套路！私信秒自动回复！ 想玩别的什么游戏可以评论留言
661092408,一个一个斯沃特,2024-04-18 21:47:14,懒得写简介
671641857,先行的恶兆,2024-03-12 01:37:11,
673748760,天有洪炉地生五金,2024-03-16 11:51:49,
673821486,67y79,2024-05-25 19:32:07,
675688143,路过的屑钱之魔女,2024-06-24 10:40:21,
676158117,1661683461,2024-04-04 05:30:17,
677052761,上杉星璃,2024-04-07 13:00:25,萌王最强！萌王万岁！\(//∇//)\
678260355,一块笨笨的硝酸铵晶体,2024-06-22 23:47:45,你知道吗，纯净的硝酸铵中氮元素占比为35%哦~
678502723,-不想起床的木森林-,2023-01-12 13:58:12,木木森林木 森林木森林
687582473,立志成为佳代子厨,2024-06-21 13:39:20,愿您健康我的朋友
689248052,bili_93639379147,2024-06-30 18:23:26,
689581384,灰蓝山雀Official,2022-05-13 14:43:30,止步于此了吗…
690443513,bili_58211581475,2024-06-14 11:02:05,
694201375,Lainge_lin,2024-03-11 21:25:54,
694364977,魏工十狼,2024-06-24 04:12:27,你可以喊我原批或者米学长，但我更希望你喊我lsp（手动滑稽）
694476766,bili_70082601671,2024-05-23 23:13:10,
696287092,懒惰的石油怪,2024-05-04 15:04:04,绚丽的一年远比虚无的一生有趣
696514390,皇室不战争怪怪的,2024-05-25 02:44:46,
696791315,平凡的日富美,2024-06-28 00:50:01,我的真实身份，其实是蒙面泳装团的首领，悍匪头子浮士德！！
696799359,凌濑的可掉落素材,2024-05-30 10:34:26,
696864166,静下心b,2024-04-07 23:24:21,
696872556,等等恰饭,2023-02-21 23:31:33,QAQ
698052482,半杉水,2023-01-23 20:02:47,论B站水下的看客形象~~~
699746964,至暗时刻QAQ,2024-06-19 23:50:23,你是一个一个人啊
1004563040,联鲍鱼,2024-06-17 02:15:25,
1005825300,某不知名的舰长,2024-04-20 09:29:31,
1007231062,面子J辽,2024-05-02 01:29:45,
1008307745,况1,2024-03-16 15:18:22,
1008671449,MU-暮沐,2024-06-30 23:08:30,
1008983625,bili_94936691337,2024-06-20 21:43:46,
1010415950,林某林某,2024-04-07 07:11:45,
1029280029,乐天终破,2024-03-24 22:57:01,
1033848619,Chica-borracha-y,2023-01-30 03:18:36,
1046510254,玩B站的狗头,2024-06-04 12:58:59,
1049965223,食腐鸟buff,2024-04-16 01:33:28,俱乐部已解散 辜负了大家的期望
1056875638,王敢达OOQ,2024-03-12 14:01:01,
1064541751,hxhydufch,2024-06-24 11:56:40,
1073154137,Felix_SANA,2022-09-25 21:18:26,000
1076070929,qie5001,2024-05-20 22:00:42,
1086376285,如何成为爱莉希雅的狗,2024-03-04 22:45:02,
1093614147,小鸟游ヒナ,2024-05-23 03:50:43,
1095820159,哗哗哗哗哗哗的,2024-06-21 11:53:01,
1099490475,快快乐乐度玩一天,2024-06-20 18:10:08,
1103006135,孞义布,2021-09-04 11:34:18,
1105906144,青墨画卷,2024-06-23 14:28:49,
1116092862,崩坏三的大帅逼,2024-06-30 11:10:15,想成为一名厉害的up主
1117434293,Humans-Deity,2023-03-19 21:29:03,ⓘ该账号封禁中 (●'◡'●)
1123898007,jake20181018,2024-06-18 10:05:15,
1131715729,-席夢-,2024-05-26 15:03:54,
1135930193,免长,2024-06-16 18:07:59,
1137896999,bili_95750276687,2024-06-22 07:56:34,
1139215313,QMBsensei,2024-06-27 20:49:11,仰望星空，当熠熠生辉的历史如星座般被线相连之时，将是新的传说诞生之时
1155207684,瓜佬万岁,2022-12-10 18:54:00,
1156966990,胡桃の来喽,2024-04-02 23:48:33,
1166694043,嫩输个液,2024-06-29 08:07:05,一名爱化学的初（中）牲；兼任舰长，旅行者，开拓者，sensei；曾任博士，指挥官，方块人
1168799539,薛世宇250,2024-05-04 03:07:14,
1172049150,佳代子养的猫,2024-05-02 07:22:23,
1179663984,闻人卿语,2023-01-14 19:31:47,云边清风知鸟意，落木离花晓蝉鸣
1180451365,陋室何陋焉,2024-06-27 18:14:26,
1186766917,HY彦皓,2024-06-25 07:50:12,
1202877297,BA文小鸟,2024-03-17 08:50:06,
1206121690,翊雪丶Ahri,2022-05-25 19:04:11,
1207421688,bili_27003579447,2024-04-30 17:23:57,
1208007438,完美d牛子哥,2024-04-21 03:38:17,
1209643158,ONETAP7351,2023-06-10 14:56:59,
1213939765,FSGFanGoD,2024-03-29 13:57:50,不願意剪片的屑
1215733039,飞雨真,2024-03-23 20:21:55,
1223087329,204049393,2024-06-27 06:41:44,*＝）
1223547837,已注销の名字,2024-05-26 07:51:33,
1226393094,在下幻想星辰,2024-03-29 11:29:57,
1226697176,bili_69467005864,2024-05-02 12:29:34,
1230923356,三玖永世长存,2022-12-02 13:08:36,
1231809436,界境之外,2023-07-20 14:18:56,
1236392981,Du_wey,2024-06-27 09:14:56,一个学生，一个典型的二刺獂，一个什么都想搞的人！也最爱忧了！
1239803473,弱小尘埃,2024-03-28 19:31:58,
1248283335,宅在家的小王8,2024-06-26 00:24:14,
1249453625,沾有玻璃棒的浓硫酸,2024-03-24 16:39:45,跳出箱子，脑洞要大
1262240548,的确yy,2024-04-27 21:42:02,勿以恶小而为之
1264179974,悟梦の信,2024-06-28 20:53:02,
1268319616,取不出名555,2024-06-11 19:08:10,玩游不混圈，开心每一天
1274615363,违规昵称BTY,2023-04-15 09:49:17,
1274669335,马骑马上马,2024-04-16 22:29:19,
1284693140,遇花必赞,2024-06-30 15:50:35,原神启动
1300187746,bili_85532773746,2024-04-22 21:04:10,
1301405155,古偶极杜,2024-06-20 23:46:17,
1303151750,冯澄,2024-03-17 21:05:50,
1303772206,沃克网已卡条,2024-04-23 19:38:48,
1309712236,勇者_天童爱丽丝,2024-03-27 21:08:12,
1318749602,黄啤子,2023-08-02 16:11:34,
1328140716,玖仙信酱,2023-04-18 15:11:25,我们的共同点，是都想做第一个看到黎明的人吧。   还未行至绝路，便要言弃吗？   
1336881895,苏泺酒,2024-06-21 13:18:21,
1338247344,TWENTY2325,2024-06-29 13:06:25,windy and time
1349658468,bili_23394699224,2024-06-08 18:01:43,
1349916348,杰懿0,2024-06-30 11:38:35,
1354419786,某石之海的蜂蜜少女,2024-06-16 12:59:42,(￢_￢)                            （其实是个上琴党）
1361108605,鸢尾花の白,2024-06-15 22:19:30,一部好的番剧，是我此生不悔的追求
1373876605,我是日奈的gou,2024-06-13 12:22:46,欧耶!瓦西一个非常沙雕，非常睿智的人!我是B站的新人，请大家多多关照啊我以后会录我的世界的视频和其他的视频，分享我的快乐！谢谢你点开我的主页
1376403460,云梦之泽-神乐,2024-03-19 09:48:56,
1379808538,兰望尤文,2024-06-02 16:03:24,
1389722600,雨诺停,2022-05-22 19:55:18,
1390812978,遂隐_不现,2024-04-17 12:27:35,
1396614357,五月家の暗黑法典,2024-06-23 23:27:32,
1397780615,最喜欢阿露惹,2024-05-08 06:55:23,有美好的相遇，尤其要珍惜身边之人
1399812842,挺普通的用户,2024-06-28 19:07:12,没什么特别的
1400318433,钨氘氮钔D,2024-06-02 17:23:40,
1402432465,bili_92814813544,2024-05-24 19:57:59,
1402465530,阿不思瞪不益多,2024-06-27 13:21:58,
1402800806,皓吃懒作的棍子,2024-05-26 09:21:28,
1410657631,0零0000,2024-05-05 14:29:17,
1413267297,阿斯兰查拉,2024-06-24 10:28:27,＊梆梆卡梆！看到这个，你充满了决心！
1413470251,VD_demon,2022-05-29 13:37:22,VD_Demon，一个憨憨，喜欢画画，写小说，玩游戏，学习建模。目前还在修行中。 个人QQ：2012661531
1418296787,星夜下的世界树,2024-03-30 18:04:24,
1422538889,歡愉_阿哈,2024-06-21 20:33:19,
1423765632,爱探险的大猫猫,2024-06-17 20:35:03,
1424060415,bili_30601250614,2024-06-16 23:23:34,
1426885721,白昼安眠,2024-06-25 22:34:31,
1433037923,Got_Go,2022-07-11 15:53:06,
1437826007,月计人3号,2024-06-19 06:33:31,一只人类
1438737606,梦止于晨岚,2023-04-01 12:35:18,我只是学会慢慢遗忘
1448312904,冷却表弟,2024-04-16 06:41:21,一年一更
1448569909,bili_94224220216,2024-04-01 05:24:44,
1458386741,無名のアリス,2024-06-20 22:29:36, 。
1461736951,梁启升,2024-06-11 21:27:34,
1462528097,终会爆炸的小叨哥,2023-01-02 11:50:43,<><><>我会爆炸!!<><><>             左撇子             玩啥啥菜             右手神经损伤
1462852041,西行寺莉莉白,2024-06-17 23:52:30,晴时煮茶渚师情，愿随天涯奉此生 偶尔直播，支持帮帮和点歌喵。聊天吹水群：860869223
1464142150,sensei的赤司純子,2024-06-21 13:11:56,啊哈哈，纯子厨一枚
1470146237,xnnxdj,2024-03-30 08:47:11,
1477922519,秉承轩况,2024-04-16 20:57:04,
1485032771,木大十一3,2024-06-24 07:13:47,木大十一2下班了
1488849115,小蕈兽点点,2024-03-30 13:42:14,号已注销
1491631968,奚-可因-奥德咖妃,2024-03-16 12:18:43,（G18C，最有力的专武；GEN-12，快速恐怖的毁灭者；M203，天灾般的艺术~~）
1494346712,LveTwistzzzzz,2023-01-12 14:19:36,
1500119948,bili_65312939753,2024-06-24 16:50:14,
1500216647,战地一的sensei,2024-04-01 09:35:57,
1500319950,轩孜然,2024-06-17 09:53:53,
1502714732,联邦学生会会长_,2024-04-06 16:35:07,
1503334486,封天之雷,2024-06-05 17:55:53,
1503645059,菜菜的吧,2024-05-26 10:53:40,
1508785547,魈无聊,2024-05-24 18:14:21,这个人很宅，什么也没写
1518902146,bili_60017241964,2024-06-21 06:11:59,
1522061024,发动秋季攻势的德三,2024-06-16 09:31:37,坦克世界闪击的号被封了
1523697274,墨柒-astroneer,2023-01-02 14:14:57,
1528376396,松子_Official,2024-06-29 08:46:37,这个人懒死了，什么都不写
1541128145,連邦学生会,2024-04-05 22:01:35,蔚蓝档案，启动！QQ:3547023783
1546609072,可瑷大蚂蚁小号,2024-05-28 16:36:43,
1550030981,彩色的马桶盖qwq,2024-03-15 14:07:33,
1557159666,撒币A600,2024-06-24 08:10:43,喜欢玩Roblox|•'-'•)و✧
1558237753,大祥第一搜查队员,2022-07-07 20:04:12,
1560663152,摆烂摆到最后应有所有,2024-05-01 20:34:58,
1562165037,bbnnwdhjl,2024-03-15 23:39:07,
1567722855,游侠登场,2024-06-22 22:52:58,
1575096553,_稍纵即逝_xz,2024-06-19 17:27:17,
1579429356,阿拜多斯职业学院,2024-06-29 16:43:29,
1579631288,我们俩在一起123,2024-05-02 10:55:12,
1580658890,我真的娶你大爷,2023-01-30 13:47:50,只爱小姐姐????????????
1591511148,方法合成二世,2024-06-28 09:50:01,
1594182750,haoboonkoh,2024-04-04 17:08:01,( ͡° ͜ʖ ͡°)
1594391628,bili_97713139237,2022-05-30 01:48:51,
1595483840,bili_55202112023,2024-06-05 23:19:30,
1596660297,bili_84198119640,2024-04-08 17:12:56,
1602105881,黄凉壹梦,2022-05-25 21:00:13,
1609918372,22455474,2024-03-25 18:29:18,
1614088325,贴门卖队友战神全哥,2024-06-25 13:38:08,
1625210914,8林佳益8,2024-03-16 18:30:09,
1626800775,想和诺亚一起偷跑,2024-03-17 19:05:13,为师的发癫粉丝群欢迎来玩827180509
1636914344,小宇5326,2024-04-05 02:42:35,
1645063532,猫鼠卡号,2024-03-26 18:23:47,
1661424009,行く行くの幽灵鲨,2022-08-11 23:07:02,屑主播周一到周五没时间，发视频随缘，喜欢各种各样的游戏，最喜欢铁锈，明日方舟和战双，周末随缘直播
1662926804,狐狸白珩,2024-04-04 14:16:59,
1666263938,迷途游人01,2024-05-05 01:19:23,
1671841299,爱你玖千遍,2022-05-29 14:43:50,永不放弃，知行合一
1674423351,不下太,2024-06-20 07:23:33,
1677738756,可爱の真尋酱,2024-05-16 20:07:34,只是一个普普通通Sensei（ps:花冈柚子单推人）
1680707119,THatBlock那方建筑团,2024-04-06 09:20:25,我的世界建筑小团队时不时有各种成员登陆主要登录的都是火车   ps：（快点小说的火车大橙子w也是这位） 
1690936173,血影一,2024-03-27 14:10:08,
1696569297,岚柚O,2024-06-05 07:09:51,这个人很神秘，什么都没有留下哦
1698750549,天雷玄七,2024-05-31 21:28:57,玄七
1700248404,passer拜,2024-05-21 20:37:32,
1704921483,少年不善言辞丶,2023-02-14 17:25:31,
1717038209,gkngfsr,2022-06-05 15:28:27,
1717707552,LEONLIU123456,2024-05-20 16:14:46,如果世界本是悲剧，就由我来书写童话
1717963072,R组の心,2024-03-16 13:35:26,
1722121683,丢了一个小时,2024-06-18 22:34:54,
1742043840,笔尖面具人,2024-06-24 21:05:30,
1753980712,Tesplation,2024-06-26 08:34:07,一名普通的mc，pvz，东方，ut，爱好者~o(〃'▽'〃)o
1757002486,0228238462,2024-06-18 11:09:52,
1770463394,阿游侠,2024-06-22 20:26:16,一个日奈厨
1775152071,Deutschfgfgdyx,2024-06-21 12:55:22,
1777583269,不道取什么nyd,2024-04-02 23:21:42,
1792852430,Zackaryer,2023-01-12 22:39:57,人散后，一钩淡月天如水。
1796444427,Delta04,2022-08-28 10:19:20,群：273707705
1802290651,bili_49113434125,2024-05-03 11:25:11,
1806677664,云云的妨碍我,2024-06-21 14:59:06,
1806877870,飘过的流星雨中的星光,2024-06-24 12:19:11,
1809350583,深渊之神红涡,2024-06-22 13:38:43,猫战再见
1815596770,法老的名言,2024-05-05 11:48:21,
1816370261,啊八阿扒,2024-06-25 21:52:13,
1818141556,小鳥遊_ホシノ_,2024-03-27 21:03:57,
1821318997,不要在意我xddddd,2024-03-25 12:19:45,
1824368642,豌豆味,2024-05-26 23:27:11,
1824903460,孙一涵3,2024-06-21 23:56:22,
1825902574,雨冻云,2023-02-09 01:00:45,
1826882010,指间的西瓜,2022-02-23 15:42:12,（中考备战ing~）一个好久没更视频的up，喜欢玩明日方舟和红警等游戏，目前正在学习如何制作视频ing……
1831470454,bili_93277202521,2024-04-13 19:24:01,
1836278739,白色的酱果,2024-06-22 10:29:25,我喜欢这个世界，喜欢我遇见的每一个人，纵使这只是一厢情愿
1848007664,bili_25820222293,2024-04-23 13:22:48,
1850562961,10189191415411,2024-04-06 14:11:33,
1853205211,月9537,2024-05-20 22:58:47,哈哈哈↑
1855766597,bili_17326153776,2024-06-19 22:15:31,
1860579009,小栗帽一口吃了玉藻,2024-06-28 14:01:45,你说得对
1862545500,bili_98294926880,2024-03-28 22:18:28,
1870684912,熊九州,2024-05-21 00:01:11,啊啊啊啊啊啊裂开
1871319644,efcdvc,2024-06-24 07:45:59,
1871409325,悯者,2024-06-12 10:40:26,狂沙起 不庆大胜 沙埋烈骨 不贺大捷 唢葬忠魂 大漠唢风吟  云游僧 不善渡苦 只为救人 不曾授业 解惑众生 苦行水云身​ 
1872679530,bili_48112314388,2024-06-23 18:24:24,
1879159099,我㚢也也,2024-06-25 09:44:15,
1883746152,逸见艾丽卡-_,2023-02-01 02:45:56,
1900517831,梦依梦语,2024-04-22 23:15:02,
1902424058,子然_墨然,2024-03-16 08:18:06,
1905141619,正人酸,2024-05-13 18:18:32,
1905154052,skeicheny,2022-07-03 23:02:43,
1905343556,破月茹,2024-06-21 13:08:37,
1909015638,休闲中的HK416,2024-06-19 21:32:20,
1911330885,我最喜欢砂狼白子了,2024-06-26 16:08:54,懒的想~
1913943151,东向阳,2024-06-22 05:07:25,
1919086746,这个名字起的欧,2024-04-12 14:09:02,因为做梦，所以写了这个(周末更新)
1920485001,furiodo,2024-03-11 21:46:35,
1929864609,白馒头mag,2024-06-21 18:27:47,我的成分你难以想象
1935470770,云中鬼仙,2023-03-22 14:20:20,退出凹爆舒适圈了
1936552046,爱梓病患者,2024-06-28 02:13:25,
1936672846,Creeperhacker,2024-06-30 00:00:34,
1937124607,明天有任何不在微区,2024-03-14 21:59:57,
1939651129,初无依,2024-06-24 13:36:15,孤独终老=单身贵族
1942260120,千年扫地机器人爱丽丝,2024-04-17 12:21:33,
1943176198,是ikun不黑子,2023-06-05 01:48:16,
1956546692,这里什么都没有丨,2024-06-04 17:17:05,
1964660966,想被摁着吃瑞士卷-miks,2024-03-14 14:47:43,
1966244807,执法JI,2024-06-19 03:48:40,
1966749610,开朗的林某,2024-06-01 21:37:36,
1966756393,Wintai,2023-06-12 07:39:54,感谢陪伴
1968186752,我素小淏,2024-06-23 23:51:26,=？
1968193568,Reid-Ayyubid,2023-02-24 20:22:43,TF2高（菜）端（鸟）medic，其余8个兵种逊的不能用菜来形容了 steam好友码：1236695796 
1969546178,bili_79001854855,2024-04-02 21:50:43,
1981859693,不想取名字的明志,2024-06-21 18:57:19,
1982310158,鹤南高i本届广交会,2024-03-29 22:11:40,
1984079331,底特律yj研究分布,2024-04-10 01:48:35,
1987649587,凡仙ya,2024-04-30 21:07:22,除了帅一无所有
1993744165,实在没名字用了,2022-05-23 22:36:53,看什么 我是孙吧来打杂的 别被钓了
1994028832,凭什么就我睡不着觉,2024-03-12 07:18:43,失眠啦(´；ω；`)
1995193830,柚咲啉,2024-06-27 20:34:29,谁能背后无人说，谁能背后不说人 2023.2.28
1998657760,千矢_chiya,2024-03-09 13:46:55,千矢单推人
1999362809,氼恦,2022-09-01 19:05:17,
2002615659,bili_67089928148,2023-01-10 22:57:37,
2005846086,此生只爱才羽桃,2024-03-13 00:58:24,我爱UT
2023935934,TZ233城西公交守护者,2024-05-27 21:31:54,小花仙语录守护契约：花仙夏安安，我以花之法典启动精灵之名，愿与你结下契约，愿成为你的守护精灵，重建魔法能量阵，唤我之名、服从你的命令
2029691789,没被子好冷,2024-06-22 14:02:11,这个人不神秘，但他还是什么都没有写～
2030520684,星霞月,2024-03-17 12:53:50,怎么办？有点无聊
2031457552,夜白蓝钻,2024-06-26 09:48:04,
2038554611,bili_平民之万,2024-06-21 16:37:49,
2039764908,titanfall27970,2024-03-25 07:28:27,YT上的titanfall27970 (pc user)是我，不要說我是搬運的
2050633362,过分可爱涵,2024-06-04 20:24:15,
2057834596,斯尔魔付,2024-06-12 20:50:05,中人，是个初中牲
2058674253,厄瑞玻斯-永暗神,2024-04-08 15:32:53,不存在衍生存在，存在演变为虚无，虚无即为不存在，存在即为不存在，不存在即为存在，不存在为一切的起点与终点
2061850391,云の憶,2023-02-09 12:10:20,这个人很勤快，什么都写了doge
2065019475,流陨同窗,2024-03-23 12:05:40,换手机了，所以录屏会好点
2070949310,超级星野厨,2024-03-15 22:27:23,吼，没有逃跑反而向我DIO靠近了吗
2072846667,焰麟YL,2024-06-20 03:04:45,
2074784615,谋略无,2023-08-07 18:23:27,
2079917399,21号---XXI,2024-04-06 16:25:49,
2090114368,无瑕之人屑爱莉,2024-03-27 23:37:04,
2097220667,bili_32851012279,2024-03-23 22:52:04,
2098577927,血腥实验室,2024-06-24 16:55:29,
2103288907,偷懒のCC-Sans,2024-03-12 00:35:57,
2105562113,JOJO里的失血人,2024-06-24 11:55:14,
2105958598,bili_2105958598,2024-03-10 22:28:27,本人极度反感：暗区突围，责任的电话乐子人，少女前线二全体制作组及给它好评的玩家，在塔科夫中开挂的玩家（开挂是没有母亲的哟）
2106740030,珩谷,2024-06-26 07:05:55,
2112544568,bili_50495031452,2024-04-10 22:16:18,
2115469383,bili_88602410849,2024-04-06 12:30:13,
2118200169,時茔,2024-06-21 06:08:01,机动都市，前国2明戈 退廃していきましょう
2125712208,呀呀溺尸,2024-03-14 23:09:37,
2128469477,吾导先行,2024-06-20 07:20:22,
2131331598,爆墨附属,2024-05-19 00:26:15,
2135015759,千年科技大专,2024-04-06 18:19:53,
2142545485,半岛铁盒258,2023-01-18 04:21:19,即兴的誓 烂尾的诗
3461564396997399,士道与万由里的约会,2024-06-20 17:05:28,
3461564971616270,圣娅何时实装,2024-05-30 21:44:52,
3461569616808630,虚无147,2024-04-05 01:44:20,
3461569837009231,一位成分比较杂的人,2024-06-08 11:37:43,
3461569845397607,孙一涵o,2024-06-21 17:52:46,
3461574710790287,幻影奶茶B,2024-03-23 15:30:32,
3461582969375603,OP三月,2024-06-27 20:12:37,祝你能随心所欲，而非迫不得已.....
3493078333655081,海茂清風,2024-04-06 14:47:01,我是一只小鸽子，咕咕咕？！
3493079715678790,ulb68,2024-06-25 19:54:25,
3493080684563049,ixiow,2024-06-29 03:44:50,
3493082936904538,浩然就是逊了,2024-06-13 20:02:46,Chees
3493084776106248,卓家星野小娇妻,2024-06-22 22:58:28,开心点，心情会传染的
3493084901935653,精神小伙yydsl,2024-06-15 12:52:19,关注一下吧！QAQ
3493087393351711,牢衫,2024-03-24 16:26:32,e…
3493091732359761,eerrsh,2024-03-12 22:26:58,
3493091885452212,Cowhide牛皮纸箱,2024-06-26 18:47:05,
3493094737578047,来自沙勒的七老师,2024-06-26 12:54:04,
3493095746308594,bili_46306134435,2024-05-20 13:38:12,去年评论火了
3493104980068358,苍茫之鹰帝国,2024-06-25 14:21:21,我什么时候才能东山再起？ 注：我可不是神圣F675混的小号。
3493106714413726,goypJlm,2024-06-21 18:37:35,
3493106966071388,名字就先这样吧_,2024-06-25 23:46:28,
3493108658473682,bili_55930940192,2024-06-22 11:34:03,
3493110101313546,干为什么,2024-06-19 19:23:14,
3493110600435810,未知卍崩坏,2024-06-15 14:50:41,
3493111231678644,爱莉希雅-梦,2024-06-10 04:54:35,二次元、萝莉控、崩坏3、爱莉希雅
3493112462707061,可爱的拉姬兔兔,2024-05-03 00:46:02,
3493116709440146,一个没有存在感的名字,2024-06-20 09:30:25,
3493118745775023,Rain_Empty,2024-04-11 01:04:40,安安心心创作啦~是个月更型选手呢
3493119318296883,FBI1145140号,2024-06-14 18:30:51,
3493119624481757,不想色色,2024-04-20 22:20:37,
3493121660815362,嬴驷贤,2024-05-17 19:45:14,玩坦克世界闪击战、原神
3493125462952374,我可能有啥大饼,2024-06-09 01:03:45,选择相信奇迹，哪怕……
3493126939347595,我真是阿布,2024-06-02 20:51:14,
3493131137845623,pak-38,2024-05-21 05:37:49,panzer vor 本人是一位普通的公司主管，图书馆司书，doctor，兼职timekeeper，坦克车长，和平凡的幻想乡居民
3493132282891119,落洛秋,2024-05-26 01:39:35,
3493133723634368,火炎山烧烤,2024-05-10 20:08:01,BA太好玩啦
3493134111607500,好货家,2024-06-10 01:00:16,
3493140788939307,6N69,2024-04-23 19:34:41,
3493142118533186,芙希鲨,2024-03-23 20:12:40,一个成分很复杂的UP主，可以帮忙搞骨骼文件，私我就行，更新内容不稳定，内容质量不稳定(不过也一律不会好
3493145675303061,tenmarkQAQ,2024-04-07 10:25:10,mark ten
3493145989876608,北京的东边,2024-05-11 00:59:49,
3493259984767240,四尼马塞,2024-06-22 02:22:53,
3493263222769712,神秘之杖,2024-03-26 00:18:42,
3493265913415727,我爱剑,2024-06-19 21:24:45,
3493269031881295,屑Faker404,2024-06-30 20:05:24,
3493270898346633,幸せ在,2024-06-20 22:24:43,在
3493272395712848,一个人993,2024-06-19 19:20:20,
3493274000034309,bili_90542480140,2024-06-28 13:03:14,
3493279945459970,沙勒那个望暮,2024-06-21 17:44:50,动则发癫，不动则似
3493280442484979,bili_75987451986,2024-04-09 22:13:32,
3493286394202485,A级异想,2024-06-29 09:22:35,
3493287704922385,bili_43828789702,2024-06-19 18:47:43,
3493288136936203,逍遥自在真君哈哈,2024-03-11 06:03:31,
3493290116647715,SMlox,2024-03-12 12:42:17,真的很懒
3493293216237983,bili_35167461905,2024-06-23 15:15:21,
3494349545408633,星乄空_,2024-03-14 04:11:45,平安喜樂，萬事勝意。
3494350577207395,我愛玩崩崩崩鐵,2024-06-22 18:29:21,
3494351286044694,骑小染,2024-05-21 22:16:31,
3494352548530570,bili_64307742924,2024-03-23 16:43:31,
3494355125930288,色彩恒常性,2024-04-06 21:48:26,
3494363447429216,一只流萤门,2024-06-04 21:18:20,
3494368885344476,异界之人起迹,2024-06-05 22:06:56,
3494370152024638,沙雕动画我最爱,2024-06-22 14:55:50,
3494371173337775,白金姫萨姆博,2024-06-09 03:55:19,114514
3494374014978645,sensei爱音游,2024-03-28 12:55:12,啥都爱玩。114514秒前
3494374065309786,风与飞鸟l,2024-06-21 19:53:52,我是纳西达的狗
3494374386174911,武装甲午计划,2024-06-22 22:49:18,徐达。常遇春。李文忠。好汉出大眀大家快乐是我的动力投币我不用哟
3494375604619913,1243516,2024-05-14 23:00:42,                      
3494377248786716,星野计夜班,2024-06-12 17:51:25,
3494377403976264,-SRT突击中-,2024-06-14 13:01:22,搞BA二创的，臭上学的，啥也不懂 因为up还在上学，所以信息一般只能在周六周日处理，在此致以歉意
3494379398367745,此生为墨卍,2024-03-14 08:07:48,
3494379901683857,光の勇者Aris,2024-06-26 12:18:09,
3494381059311651,月亮就是你死的就是我,2024-06-10 17:18:17,大白天才是鬼，点赞傻关注
3537107771460012,一个名字都不会取的人,2024-06-26 21:41:11,
3537107773557346,bili_70907394786,2024-04-06 18:28:56,
3537111399533001,詀言,2024-06-16 23:29:34,
3537111753951276,二月底七,2024-03-29 20:26:38,
3537111779117376,Mahiro漫剪,2024-06-24 09:04:50,平时不在这个平台玩但只要留言我也能看到 沉淀两年半 小窝：807463746
3537115455425366,Kon大空洞,2024-03-29 17:48:31,
3537115885340845,234794,2024-05-05 16:43:57,
3537116627732538,盾狗很担心你的,2024-06-23 21:39:30,
3537116759853827,罗刹阿波卡利斯,2024-03-24 00:30:58,
3537117397387765,bili_65433792799,2024-03-29 17:29:11,
3537118034922132,bili_33885289974,2024-06-07 00:41:57,
3537119941233034,一下吧台州学院,2024-03-11 19:41:44,
3537123799992575,小火车叉叉叉,2024-06-27 09:30:02,
3546373232266146,肯尔西罗密,2024-04-13 17:22:34,祂是初火 祂是余烬 祂会带来绝望的破灭 也会带来希望的启迪 祂们小心翼翼 祂们负重前行
3546377181202937,秋叶别落,2024-06-09 14:29:55,
3546380473731784,圣娅女士,2024-06-08 21:16:04,
3546381169985639,空谈畅想,2024-05-03 14:43:08,
3546382516357961,bili_74878133682,2024-05-25 00:40:18,
3546385217489860,bili_56211672884,2024-05-05 08:50:06,
3546385943103698,bili_49921827407,2024-05-24 12:39:20,
3546390860924954,bili_81007420318,2024-06-20 19:23:40,
3546391651551730,秋林洛,2024-05-14 00:30:46,
3546558192683458,无莫umo,2024-05-22 23:43:47,一个无聊的屑sans
3546562550565294,清叶OcO,2024-06-24 05:51:45,
3546563095824456,bili_25441748142,2024-03-27 23:32:58,
3546564163275378,伊蕾娜真可愛,2024-06-08 11:27:42, .
3546566675663544,hdwig,2024-06-18 13:54:10,
3546568667958077,黑色小灰,2024-06-18 00:41:26,突然惊起一身冷汗，发觉大学两年啥都没干，遂决定好好学习 对不起，以后应该是很难更新了，对不起 
3546581215218041,bili_46275346425,2024-03-26 18:11:36,
3546585541642957,品红味三角板,2024-03-12 13:25:29,
3546587565394485,bili_89979116964,2024-06-29 13:51:53,
3546589968730114,bili_68692346323,2024-06-29 11:56:20,
3546592611142301,bili_74471158947,2024-05-28 20:34:45,
3546593074612665,黑商霸主丶梦,2024-05-08 13:29:55,旧时代的残党而已
3546594943175260,bili_98672981685,2024-04-11 13:33:11,
3546600362215937,灭世遗忘之人唯落是也,2024-06-30 07:27:06,
3546601821833867,百招邑小号,2024-06-29 07:44:19,
3546603682007334,bili_97179419308,2024-06-24 09:33:24,
3546611986729221,AmArona,2024-03-17 12:49:01,
3546612177570001,寰宇航天公司,2024-04-06 07:28:40,
3546612280331055,bili_37917143910,2024-03-16 11:25:21,
3546612525697120,虚无147369,2024-03-17 21:19:17,
3546612775258826,鬼畜的战斗机,2024-04-06 15:39:06,品车上逮虾卢の小号 开造的甜瓜の助理
3546614794815793,bili_41970316424,2024-03-24 01:15:22,
3546618609535338,水滴鱼火P,2024-07-01 09:13:30,
3546621197420994,bili_45346568005,2024-03-24 12:29:15,
3546625540622472,普拉娜一只,2024-06-26 07:40:39,
3546626408843565,bili_85113801358,2024-05-22 23:25:19,
3546628233365608,bili_24394409891,2024-04-08 23:06:18,
3546629879630000,bili_69835686898,2024-05-14 01:07:51,
3546629959322185,围巾レモン,2024-06-19 20:56:14,什么都没有
3546630997412652,云霞浦发,2024-03-11 22:47:44,
3546631137921687,脑子一抽胡思乱想,2024-06-22 16:04:04,
3546635388849052,麦冴子,2024-06-24 17:23:14,
3546639419574312,bili_79357564554,2024-03-16 03:28:12,
3546647650896822,bili_78767904587,2024-06-21 11:43:36,
3546648011606517,一个密钥,2024-06-26 17:37:42,
3546651476101712,bili_22480734713,2024-04-10 19:58:23,
3546652671477991,师弟师一,2024-03-27 13:49:04,
3546654399531525,本人不知道取什么名呢,2024-05-04 18:08:44,其实我还有另外三个名字跟这个差不多的号的
3546660525312241,bili_40517926168,2024-05-03 21:30:18,
3546661427087465,咲川粥一郎,2024-04-11 15:14:32,
3546662731516075,bili_86923610041,2024-04-13 01:08:24,
3546662817499231,bili_16158921102,2024-06-26 20:23:45,
3546666888072133,bili_75649110111,2024-06-21 16:07:14,
3546670889437464,小鸟游-星野ホシノ,2024-05-11 21:36:58,
3546704968157336,bili_94175824250,2024-06-29 16:53:20,
